City_ID,City,Lat,Lng,Max Temp,Humidity,Cloudiness,Wind Speed,Country,Date
0,kodiak,57.79,-152.4072,280.88,100,100,4.63,US,1698792611
1,waitangi,-43.9535,-176.5597,287.49,95,100,5.36,NZ,1698792611
2,susuman,62.7833,148.1667,255.92,99,96,1.34,RU,1698792612
3,murun-kuren,49.6342,100.1625,275.53,81,97,3.1,MN,1698792613
4,tura,25.5198,90.2201,292.8,71,0,1.37,IN,1698792613
5,newman,37.3138,-121.0208,297.12,34,100,0.45,US,1698792614
6,edinburgh of the seven seas,-37.0676,-12.3116,286.84,92,14,8.08,SH,1698792614
7,west island,-12.1568,96.8225,299.14,83,75,5.14,CC,1698792615
8,antonio enes,-16.2325,39.9086,297.75,75,11,3.36,MZ,1698792615
9,kone,-21.0595,164.8658,299.75,44,44,0.86,NC,1698792616
10,brookings,44.3114,-96.7984,272.09,66,0,2.57,US,1698792505
11,grytviken,-54.2811,-36.5092,274.24,94,97,1.01,GS,1698792616
12,sur,22.5667,59.5289,298.3,61,3,1.21,OM,1698792617
13,hawaiian paradise park,19.5933,-154.9731,302.06,72,20,5.14,US,1698792435
14,iqaluit,63.7506,-68.5145,266.0,79,75,11.83,CA,1698792618
15,uray,60.1247,64.7758,266.97,69,100,2.68,RU,1698792618
16,yellowknife,62.456,-114.3525,269.44,63,75,6.69,CA,1698792619
17,lazaro cardenas,17.9583,-102.2,301.46,77,33,2.53,MX,1698792619
18,mantua,45.1667,10.7833,285.56,88,0,1.34,IT,1698792620
19,punta arenas,-53.15,-70.9167,282.21,49,40,10.29,CL,1698792426
20,gornyy,55.1153,83.9059,263.14,97,28,1.17,RU,1698792621
21,selebi-phikwe,-21.979,27.8498,285.73,88,97,5.16,BW,1698792621
22,lihue,21.9789,-159.3672,300.92,63,0,3.6,US,1698792622
23,santa ana,33.7456,-117.8678,305.6,12,20,4.63,US,1698792622
24,whitehorse,60.7161,-135.0538,275.94,94,100,1.54,CA,1698792471
25,olonkinbyen,70.9221,-8.7187,275.34,74,100,4.99,SJ,1698792623
26,kapa'a,22.0752,-159.319,301.33,62,0,3.6,US,1698792623
27,qarazhal,48.0078,70.7903,275.77,87,100,7.06,KZ,1698792624
28,port alfred,-33.5906,26.891,289.36,86,75,0.89,ZA,1698792624
29,igarka,67.4667,86.5833,255.09,97,59,2.61,RU,1698792625
30,adamstown,-25.066,-130.1015,295.81,68,19,4.73,PN,1698792625
31,stanley,54.868,-1.6985,279.69,92,75,1.03,GB,1698792626
32,luganville,-15.5333,167.1667,299.32,82,84,6.41,VU,1698792626
33,galle,6.0367,80.217,297.29,92,100,2.4,LK,1698792627
34,meiganga,6.5167,14.3,294.02,76,83,0.53,CM,1698792350
35,saipan,15.1355,145.701,301.54,89,40,4.12,MP,1698792627
36,badger,64.8,-147.5333,275.21,77,0,0.0,US,1698792628
37,luderitz,-26.6481,15.1594,289.52,65,7,0.65,NA,1698792628
38,port-aux-francais,-49.35,70.2167,276.97,94,100,13.96,TF,1698792629
39,tazovsky,67.4667,78.7,258.87,93,100,3.68,RU,1698792629
40,college,64.8569,-147.8028,275.26,74,75,0.45,US,1698792630
41,wailua homesteads,22.0669,-159.378,300.59,62,0,3.6,US,1698792630
42,kingston,17.997,-76.7936,302.68,79,40,3.6,JM,1698792631
43,port mathurin,-19.6833,63.4167,297.98,79,1,6.99,MU,1698792631
44,anadyr,64.75,177.4833,270.43,100,75,4.0,RU,1698792632
45,holualoa,19.6228,-155.9522,301.07,78,20,5.14,US,1698792632
46,ketchikan,55.3422,-131.6461,280.41,70,75,0.0,US,1698792633
47,utrik,11.2278,169.8474,301.23,75,100,7.63,MH,1698792634
48,pangody,65.85,74.4859,262.3,92,100,4.06,RU,1698792634
49,thompson,55.7435,-97.8558,271.24,69,100,5.66,CA,1698792635
50,richards bay,-28.783,32.0377,288.73,88,100,0.64,ZA,1698792635
51,doume,4.2333,13.45,292.9,98,100,0.52,CM,1698792636
52,hithadhoo,-0.6,73.0833,300.17,81,43,5.4,MV,1698792636
53,changji,44.0167,87.3167,281.59,87,100,4.0,CN,1698792637
54,umm kaddadah,13.6017,26.6876,303.09,21,77,7.34,SD,1698792637
55,tiksi,71.6872,128.8694,259.12,97,100,5.74,RU,1698792638
56,nova sintra,14.8667,-24.7167,297.29,77,89,5.09,CV,1698792638
57,blackmans bay,-43.0167,147.3167,288.56,58,18,1.79,AU,1698792639
58,yoko,5.5333,12.3167,291.86,97,81,1.03,CM,1698792639
59,ushuaia,-54.8,-68.3,280.94,64,40,10.73,AR,1698792444
60,batman,37.8874,41.1322,288.04,67,0,3.6,TR,1698792601
61,nguigmi,14.2495,13.1092,301.15,20,39,5.1,NE,1698792640
62,ust-tsilma,65.441,52.1498,264.05,96,92,1.79,RU,1698792640
63,sao joao da barra,-21.6403,-41.0511,298.2,94,100,4.2,BR,1698792641
64,margaret river,-33.95,115.0667,285.6,77,7,3.97,AU,1698792546
65,lebu,-37.6167,-73.65,282.77,64,100,5.86,CL,1698792472
66,georgetown,5.4112,100.3354,300.11,95,20,1.54,MY,1698792609
67,mermoz boabab,14.7065,-17.4758,301.03,83,0,3.09,SN,1698792641
68,longyearbyen,78.2186,15.6401,266.06,58,20,5.14,SJ,1698792642
69,iskateley,67.6803,53.1512,262.6,97,97,2.68,RU,1698792642
70,bethel,41.3712,-73.414,282.2,66,100,2.06,US,1698792643
71,vadso,70.0744,29.7487,271.24,86,40,3.6,NO,1698792643
72,zhongshu,24.5167,103.7667,284.18,96,65,0.72,CN,1698792644
73,lisakovsk,52.5369,62.4936,277.32,94,99,5.84,KZ,1698792644
74,hammerfest,70.6634,23.6821,275.4,80,40,4.12,NO,1698792645
75,ola,59.5833,151.2833,271.72,76,100,6.16,RU,1698792645
76,sitka,57.0531,-135.33,281.09,87,100,0.0,US,1698792645
77,lodja,-3.4833,23.4333,294.57,100,100,1.2,CD,1698792646
78,flying fish cove,-10.4217,105.6791,298.97,83,75,3.6,CX,1698792646
79,khandyga,62.6667,135.6,261.38,96,100,0.9,RU,1698792647
80,hamilton,39.1834,-84.5333,277.99,65,75,9.26,US,1698792647
81,businga,3.3333,20.8833,294.46,100,100,0.46,CD,1698792648
82,argo,37.6333,22.7333,293.03,45,90,1.46,GR,1698792648
83,pundong,-7.9522,110.3486,298.71,86,99,0.78,ID,1698792649
84,warmbad,-28.45,18.7333,294.78,28,68,9.78,NA,1698792649
85,acapulco de juarez,16.8634,-99.8901,301.6,79,82,2.78,MX,1698792478
86,pisco,-13.7,-76.2167,294.18,73,0,9.26,PE,1698792650
87,kampene,-3.6,26.6667,293.45,99,100,0.24,CD,1698792650
88,edd,13.9297,41.6925,302.92,53,51,5.63,ER,1698792651
89,saint-francois,46.4154,3.9054,282.84,81,0,1.54,FR,1698792651
90,mount gambier,-37.8333,140.7667,286.06,58,97,2.21,AU,1698792651
91,hotan,37.0997,79.9269,286.56,22,46,4.08,CN,1698792652
92,puerto natales,-51.7236,-72.4875,283.4,43,0,7.72,CL,1698792448
93,hermanus,-34.4187,19.2345,288.43,88,57,6.32,ZA,1698792652
94,acarau,-2.8856,-40.12,299.47,80,1,5.78,BR,1698792653
95,taunggyi,20.7833,97.0333,287.3,95,25,0.83,MM,1698792653
96,coxim,-18.5067,-54.76,304.52,45,53,1.55,BR,1698792654
97,ilulissat,69.2167,-51.1,275.33,58,98,6.17,GL,1698792654
98,albany,42.6001,-73.9662,278.9,70,94,1.17,US,1698792393
99,ribeira grande,38.5167,-28.7,293.02,82,66,5.81,PT,1698792654
100,port elizabeth,-33.918,25.5701,289.44,89,0,3.6,ZA,1698792655
101,karratha,-20.7377,116.8463,298.88,39,0,4.86,AU,1698792655
102,sienna plantation,29.4861,-95.508,289.36,49,0,4.63,US,1698792656
103,imbituba,-28.24,-48.6703,295.85,94,100,2.84,BR,1698792609
104,yakeshi,49.2833,120.7333,261.44,96,56,1.78,CN,1698792656
105,padre paraiso,-17.0742,-41.4844,295.17,75,100,0.51,BR,1698792657
106,santa terezinha,-29.9002,-50.0904,292.13,92,59,4.48,BR,1698792657
107,portland,45.5234,-122.6762,290.49,43,75,5.66,US,1698791975
108,petropavlovsk-kamchatsky,53.0452,158.6483,273.96,71,40,4.02,RU,1698792658
109,dalian,38.9122,121.6022,288.11,94,4,2.0,CN,1698792658
110,mogadishu,2.0371,45.3438,299.93,82,92,2.77,SO,1698792658
111,da lat,11.9465,108.4419,288.61,98,97,1.66,VN,1698792659
112,san mariano,7.5,126.0,297.99,83,26,0.21,PH,1698792659
113,kanker,20.2719,81.4931,290.63,86,6,1.43,IN,1698792659
114,pangoa,-12.1167,-73.0,295.19,97,97,0.69,PE,1698792660
115,novyy urgal,51.0736,132.5642,267.6,59,4,0.9,RU,1698792660
116,tongouson,5.0214,120.1328,301.79,68,84,2.22,PH,1698792661
117,berezovyy,51.6667,135.7,270.06,58,45,1.29,RU,1698792661
118,vila do maio,15.1333,-23.2167,300.59,84,100,3.54,CV,1698792662
119,invercargill,-46.4,168.35,285.94,93,43,3.58,NZ,1698792663
120,poxoreo,-15.8372,-54.3892,304.8,33,94,1.16,BR,1698792663
121,dryden,49.7833,-92.7503,268.31,74,100,4.12,CA,1698792529
122,tosontsengel,48.7567,98.2839,275.72,81,100,5.18,MN,1698792664
123,puerto ayora,-0.7393,-90.3518,301.13,91,81,2.68,EC,1698792664
124,la foa,-21.7108,165.8276,296.8,49,7,1.63,NC,1698792665
125,aasiaat,68.7098,-52.8699,275.53,65,95,10.11,GL,1698792665
126,necochea,-38.5473,-58.7368,280.51,69,93,3.7,AR,1698792666
127,rongelap,11.1635,166.8941,301.67,74,99,6.24,MH,1698792666
128,lorengau,-2.0226,147.2712,301.55,72,44,0.95,PG,1698792667
129,hengchun,22.0042,120.7439,298.05,74,55,7.76,TW,1698792667
130,amursk,50.2261,136.8994,275.36,81,100,0.76,RU,1698792668
131,muisne,0.6,-80.0333,298.18,85,100,3.73,EC,1698792668
132,isafjordur,66.0755,-23.124,274.35,71,5,2.21,IS,1698792668
133,rio grande,-32.035,-52.0986,292.21,88,100,8.68,BR,1698792461
134,kayangel,8.0823,134.7173,301.93,74,98,4.06,PW,1698792669
135,penzance,50.1186,-5.5371,287.53,92,100,14.31,GB,1698792670
136,port saint john's,-31.6229,29.5448,287.03,86,13,3.42,ZA,1698792670
137,arraial do cabo,-22.9661,-42.0278,299.13,78,75,1.54,BR,1698792574
138,chonchi,-42.6128,-73.8092,285.71,71,17,1.4,CL,1698792671
139,apatity,67.5641,33.4031,266.29,96,32,2.16,RU,1698792672
140,keflavik,64.0049,-22.5624,277.39,75,20,7.72,IS,1698792672
141,juneau,58.3019,-134.4197,279.32,95,100,0.0,US,1698792673
142,bulawayo,-20.15,28.5833,286.57,90,78,4.71,ZW,1698792673
143,mount pearl,47.5166,-52.7813,275.55,85,40,5.66,CA,1698792674
144,breves,-1.6822,-50.4803,302.46,41,14,1.51,BR,1698792674
145,al jawf,29.5,38.75,294.5,55,15,3.65,SA,1698792675
146,saint-pierre,-21.3393,55.4781,295.97,60,0,3.09,RE,1698792675
147,st. john's,47.5649,-52.7093,276.01,84,40,5.66,CA,1698792573
148,kumi,36.1136,128.336,280.9,60,0,0.98,KR,1698792676
149,haiku-pauwela,20.9219,-156.3051,301.07,73,20,4.12,US,1698792676
150,canacona,14.9959,74.0506,298.13,83,98,2.32,IN,1698792677
151,ancud,-41.8697,-73.8203,282.82,64,10,2.98,CL,1698792677
152,udachny,66.4167,112.4,249.97,98,98,1.87,RU,1698792677
153,basco,20.4487,121.9702,299.95,76,100,11.5,PH,1698792678
154,rujewa,-8.7,34.3833,294.39,67,19,4.05,TZ,1698792678
155,calvi,42.5,8.8333,288.5,55,20,4.63,FR,1698792679
156,vila franca do campo,37.7167,-25.4333,290.86,99,39,2.06,PT,1698792679
157,fortuna,40.5982,-124.1573,293.67,39,0,3.6,US,1698792680
158,kuanda,56.3161,116.0806,255.75,93,76,0.22,RU,1698792681
159,atafu village,-8.5421,-172.5159,299.86,83,100,5.48,TK,1698792681
160,topolobampo,25.6,-109.05,301.48,47,0,6.93,MX,1698792682
161,papatowai,-46.5619,169.4708,288.86,67,70,3.1,NZ,1698792682
162,kudahuvadhoo,2.6708,72.8944,300.31,75,92,2.01,MV,1698792683
163,kapuskasing,49.4169,-82.4331,270.2,68,100,3.09,CA,1698792683
164,krasnozerskoye,53.9828,79.2374,261.24,97,40,1.12,RU,1698792684
165,tofol,5.3248,163.0078,301.68,70,68,3.73,FM,1698792684
166,hadibu,12.65,54.0333,299.11,75,88,4.39,YE,1698792684
167,afaahiti,-17.75,-149.2833,302.08,83,38,9.55,PF,1698792685
168,avarua,-21.2078,-159.775,298.18,73,75,7.72,CK,1698792685
169,thabazimbi,-24.5917,27.4116,284.54,89,41,0.51,ZA,1698792686
170,jamestown,42.097,-79.2353,277.92,59,100,3.6,US,1698792513
171,tazacorte,28.629,-17.9293,296.69,83,20,5.14,ES,1698792686
172,banda aceh,5.5577,95.3222,299.03,84,100,4.2,ID,1698792687
173,remire-montjoly,4.9167,-52.2667,301.17,83,0,1.03,GF,1698792687
174,suances,43.4334,-4.0434,291.47,51,0,6.17,ES,1698792688
175,geraldton,-28.7667,114.6,288.38,63,0,4.12,AU,1698792688
176,coquimbo,-29.9533,-71.3436,289.0,77,0,5.66,CL,1698792525
177,bilibino,68.0546,166.4372,257.75,93,92,2.18,RU,1698792689
178,veinticinco de mayo,-35.4323,-60.1727,283.7,86,98,1.79,AR,1698792690
179,northam,51.0333,-4.2167,289.07,98,100,9.32,GB,1698792690
180,ponta delgada,37.7333,-25.6667,291.03,88,20,2.06,PT,1698792690
181,sinabang,2.4803,96.3801,298.19,88,100,3.11,ID,1698792691
182,westport,41.1415,-73.3579,282.54,64,100,1.54,US,1698792692
183,zhigalovo,54.8097,105.1578,262.58,85,93,1.56,RU,1698792693
184,manfalut,27.3104,30.97,296.29,52,0,3.54,EG,1698792693
185,nizhnesortymskiy,62.4397,71.7603,263.59,90,100,4.24,RU,1698792694
186,alice springs,-23.7,133.8833,294.9,24,31,5.14,AU,1698792694
187,recani,31.2846,-4.2688,298.32,19,99,3.85,MA,1698792695
188,lensk,60.7253,114.9278,256.56,89,100,0.81,RU,1698792695
189,conde,-7.2597,-34.9075,298.85,78,0,4.63,BR,1698792696
190,kirakira,-10.4544,161.9205,302.94,68,54,4.52,SB,1698792696
191,armyansk,46.1092,33.6921,287.82,69,0,2.51,UA,1698792697
192,yuzhno-kurilsk,44.0306,145.8556,283.91,85,11,5.31,RU,1698792697
193,namdrik,5.5994,168.1028,301.17,74,87,2.45,MH,1698792698
194,cabo san lucas,22.8909,-109.9124,304.05,66,8,1.83,MX,1698792675
195,dakhla,23.6848,-15.958,294.02,86,6,6.24,EH,1698792699
196,north bay,46.3168,-79.4663,272.1,94,100,3.09,CA,1698792700
197,itaituba,-4.2761,-55.9836,303.71,43,85,0.8,BR,1698792685
198,buka,40.8108,69.1986,282.5,82,0,0.89,UZ,1698792700
199,papao,-17.75,-149.55,302.97,83,14,10.53,PF,1698792701
200,wuwei,37.9281,102.6414,283.47,23,0,2.11,CN,1698792701
201,n'zeto,-7.2312,12.8666,298.84,84,80,2.62,AO,1698792702
202,nova vicosa,-17.8919,-39.3719,298.23,78,98,5.6,BR,1698792702
203,abaete,-19.16,-45.4458,296.24,83,100,3.57,BR,1698792703
204,laojunmiao,39.8333,97.7333,280.99,22,14,2.06,CN,1698792703
205,canavieiras,-15.675,-38.9472,297.96,73,85,3.96,BR,1698792703
206,statesville,35.7826,-80.8873,284.1,75,100,2.06,US,1698792471
207,qaqortoq,60.7167,-46.0333,274.35,97,100,3.0,GL,1698792704
208,corn island,12.1694,-83.0418,300.98,74,74,0.79,NI,1698792704
209,nuku'alofa,-21.1333,-175.2,299.34,83,75,6.17,TO,1698792705
210,polyarnyy,69.1989,33.4478,270.86,93,99,4.48,RU,1698792705
211,bontang,0.1333,117.5,299.82,79,93,0.98,ID,1698792483
212,constantia,44.1833,28.65,289.65,95,35,6.09,RO,1698792706
213,abu zabad,12.35,29.25,301.91,50,96,3.08,SD,1698792706
214,chibougamau,49.9168,-74.3659,267.94,80,100,2.57,CA,1698792706
215,chernyshevskiy,63.0128,112.4714,247.09,100,100,0.93,RU,1698792707
216,burang,30.25,81.1667,272.07,55,67,1.56,CN,1698792707
217,east london,-33.0153,27.9116,288.26,82,47,4.49,ZA,1698792708
218,aykhal,66.0,111.5,247.47,100,95,2.73,RU,1698792708
219,oamaru,-45.0784,170.9801,286.69,90,59,3.37,NZ,1698792709
220,iquique,-20.2208,-70.1431,292.17,82,47,2.83,CL,1698792709
221,erdenet,49.0333,104.0833,271.43,91,100,1.45,MN,1698792710
222,kyabe,9.4515,18.9449,299.3,45,93,1.56,TD,1698792710
223,huancabamba,-5.2386,-79.4506,289.47,94,100,2.15,PE,1698792711
224,kyzyl-suu,42.3414,78.0056,278.0,50,22,3.6,KG,1698792711
225,vorgashor,67.5833,63.95,261.28,95,100,2.12,RU,1698792711
226,fale old settlement,-9.3852,-171.2468,299.53,86,100,3.96,TK,1698792712
227,nelson,-41.2833,173.2833,292.03,58,30,2.71,NZ,1698792712
228,apolinario saravia,-24.4328,-63.9954,296.65,59,95,3.27,AR,1698792570
229,egletons,45.4034,2.0507,281.44,96,92,1.51,FR,1698792713
230,angaur state,6.906,134.13,301.77,73,90,2.69,PW,1698792713
231,nagqu,31.5,92.0,266.73,89,81,1.47,CN,1698792713
232,puerto baquerizo moreno,-0.9,-89.6,299.7,74,75,6.17,EC,1698792714
233,hovd,48.0056,91.6419,278.29,47,80,3.02,MN,1698792714
234,bima,-8.4667,118.7167,300.21,75,17,2.03,ID,1698792714
235,broken hill,-31.95,141.4333,289.33,30,0,5.38,AU,1698792715
236,laascaanood,8.4774,47.3597,296.7,77,87,4.96,SO,1698792715
237,kruisfontein,-34.0033,24.7314,285.98,86,91,2.22,ZA,1698792716
238,damasak,13.0977,12.4952,300.16,15,81,4.04,NG,1698792716
239,gizo,-8.103,156.8419,301.41,76,89,3.13,SB,1698792716
240,egilsstadir,65.2653,-14.3948,269.1,100,75,1.03,IS,1698792717
241,beroroha,-21.6667,45.1667,299.92,49,100,1.71,MG,1698792717
242,turabah,21.2141,41.6331,295.18,48,71,2.96,SA,1698792718
243,adigrat,14.277,39.462,285.85,87,97,2.15,ET,1698792718
244,mount darwin,-16.7725,31.5838,291.74,80,65,2.84,ZW,1698792719
245,wanning,18.8003,110.3967,296.46,89,94,4.14,CN,1698792719
246,nogliki,51.8333,143.1667,275.56,71,100,1.34,RU,1698792719
247,uturoa,-16.7333,-151.4333,299.45,78,5,9.75,PF,1698792720
248,parambu,-6.2111,-40.6944,302.19,31,21,1.13,BR,1698792720
249,dubbo,-32.25,148.6167,292.22,42,0,5.14,AU,1698792609
250,kochubey,44.3861,46.5825,286.6,95,0,4.02,RU,1698792720
251,farafenni,13.5667,-15.6,300.13,70,6,3.51,GM,1698792721
252,wynyard,-41.0,145.7167,288.14,55,33,4.17,AU,1698792721
253,linxia chengguanzhen,35.6003,103.2064,281.26,34,0,1.96,CN,1698792722
254,coalcoman de vazquez pallares,18.7833,-103.15,296.4,88,53,0.75,MX,1698792722
255,mount isa,-20.7333,139.5,305.02,27,3,2.06,AU,1698792722
256,coronel dorrego,-38.7187,-61.2873,280.44,66,59,5.57,AR,1698792556
257,hasaki,35.7333,140.8333,288.37,67,0,0.41,JP,1698792723
258,port augusta,-32.5,137.7667,290.39,38,0,3.64,AU,1698792670
259,bengkulu,-3.8004,102.2655,296.65,95,100,1.84,ID,1698792724
260,kouango,4.9934,19.9619,295.63,98,98,1.7,CF,1698792724
261,vigo,42.2328,-8.7226,288.99,81,75,5.66,ES,1698792593
262,uluborlu,38.0778,30.4572,285.96,72,100,1.59,TR,1698792725
263,bredasdorp,-34.5322,20.0403,288.31,92,81,5.38,ZA,1698792725
264,okha,53.5739,142.9478,274.47,65,96,1.21,RU,1698792726
265,dwarka,22.2394,68.9678,300.36,52,0,2.61,IN,1698792726
266,timbuktu,16.7735,-3.0074,303.21,9,59,4.35,ML,1698792727
267,borgarnes,64.5383,-21.9206,276.18,73,8,3.48,IS,1698792727
268,beloyarskiy,63.7119,66.6722,264.82,91,100,2.24,RU,1698792728
269,masuguru,-11.3667,38.4167,298.67,69,61,2.12,TZ,1698792728
270,priargunsk,50.3691,119.1012,265.06,94,29,1.65,RU,1698792729
271,fort mcmurray,56.7268,-111.381,271.92,80,100,1.03,CA,1698792706
272,srimushnam,11.4,79.4167,297.02,96,79,2.89,IN,1698792729
273,akureyri,65.6835,-18.0878,265.11,93,0,0.0,IS,1698792730
274,port lincoln,-34.7333,135.8667,286.98,60,11,6.15,AU,1698792730
275,jennings,38.7192,-90.2604,278.01,48,3,2.24,US,1698792549
276,caleta de carquin,-11.0925,-77.6267,293.39,80,18,5.06,PE,1698792731
277,lompoc,34.6391,-120.4579,302.47,16,0,5.14,US,1698792731
278,crucecita,-28.95,-58.9833,293.15,88,91,5.33,AR,1698792732
279,nemuro,43.3236,145.575,285.61,86,8,8.04,JP,1698792732
280,komsomolets,53.7453,62.0708,273.53,89,91,5.7,KZ,1698792733
281,katabu,-4.9333,122.5167,299.5,81,72,1.3,ID,1698792733
282,vilhena,-12.7406,-60.1458,299.27,78,40,2.06,BR,1698792734
283,ust-nera,64.5667,143.2,258.63,98,100,2.5,RU,1698792524
284,williamston,35.8546,-77.0555,284.09,76,100,3.88,US,1698792735
285,ugoofaaru,5.6667,73.0,300.14,75,99,0.59,MV,1698792735
286,barah,13.7,30.3667,304.48,26,100,4.19,SD,1698792735
287,dongsheng,39.8161,109.9776,281.87,41,0,3.02,CN,1698792736
288,twon-brass,4.3151,6.2418,299.18,84,100,3.44,NG,1698792737
289,navapolatsk,55.5363,28.6424,285.03,82,97,4.56,BY,1698792737
290,taltal,-25.4,-70.4833,291.3,68,24,1.58,CL,1698792738
291,ouadda,8.0777,22.4007,295.05,86,100,1.28,CF,1698792738
292,auki,-8.7676,160.7034,302.64,66,100,1.38,SB,1698792738
293,sao jose da coroa grande,-8.8978,-35.1478,298.23,73,24,4.37,BR,1698792739
294,ovalle,-30.5983,-71.2003,294.05,40,100,2.3,CL,1698792500
295,touros,-5.1989,-35.4608,298.77,79,43,5.57,BR,1698792463
296,amarante do maranhao,-5.5667,-46.7422,304.72,28,57,0.9,BR,1698792740
297,vernon,50.2581,-119.2691,281.9,62,100,1.03,CA,1698792740
298,volchikha,52.0333,80.3833,276.47,97,100,2.24,RU,1698792741
299,castillos,-34.1667,-53.8333,282.58,93,100,7.45,UY,1698792741
300,city of balikpapan,-1.242,116.8942,300.12,94,20,1.03,ID,1698792584
301,falmouth,50.1544,-5.0711,287.65,94,100,7.2,GB,1698792742
302,arkhangel'sk,64.5401,40.5433,268.22,92,44,1.82,RU,1698792743
303,island harbour,50.724,-1.2758,288.11,94,100,3.13,GB,1698792743
304,bardai,11.65,7.2333,297.37,22,79,2.77,NG,1698792744
305,mata-utu,-13.2816,-176.1745,301.39,78,24,10.3,WF,1698792665
306,lycksele,64.5954,18.6735,265.06,85,100,2.06,SE,1698792744
307,zhezqazghan,47.7833,67.7667,278.62,64,100,6.87,KZ,1698792745
308,akjoujt,19.6969,-14.4164,303.88,14,3,4.37,MR,1698792745
309,hirara,24.8,125.2833,298.3,78,75,6.17,JP,1698792746
310,nizhnyaya tavda,57.6731,66.1725,268.67,96,100,1.02,RU,1698792746
311,baijiantan,45.6333,85.1833,283.59,50,100,13.82,CN,1698792746
312,onguday,50.75,86.15,274.76,95,100,1.07,RU,1698792747
313,monte alegre,-2.0078,-54.0692,303.14,42,100,0.8,BR,1698792747
314,tieli,46.95,128.05,271.01,82,84,0.85,CN,1698792748
315,kijang,35.2442,129.2139,282.0,53,0,3.63,KR,1698792748
316,douglas,41.3,-96.167,275.79,45,0,4.12,US,1698792708
317,makarska,43.2969,17.0178,288.93,66,1,5.1,HR,1698792749
318,lata,40.1629,-8.3327,289.22,91,72,3.27,PT,1698792749
319,namtsy,62.7161,129.6658,257.49,88,100,3.04,RU,1698792750
320,rainsville,34.4943,-85.8477,284.38,36,0,4.12,US,1698792750
321,ar ruways,24.1103,52.7306,301.51,71,6,4.49,AE,1698792751
322,dong ha,16.8163,107.1003,296.79,91,95,1.44,VN,1698792751
323,yamada,39.4667,141.95,288.2,70,1,1.74,JP,1698792751
324,bluefields,12.0137,-83.7635,301.19,89,75,2.06,NI,1698792752
325,florence,43.7667,11.25,289.0,86,20,2.57,IT,1698792752
326,alofi,-19.0595,-169.9187,298.09,88,75,7.2,NU,1698792753
327,quellon,-43.1167,-73.6167,282.11,70,3,4.25,CL,1698792753
328,yeppoon,-23.1333,150.7333,299.03,51,48,1.24,AU,1698792754
329,san clemente,33.427,-117.612,305.43,23,20,1.79,US,1698792701
330,santiago de cao,-7.9589,-79.2392,292.22,88,75,4.63,PE,1698792754
331,ambon,-3.6954,128.1814,300.23,83,20,1.54,ID,1698792754
332,molfetta,41.2002,16.5975,292.23,52,0,5.14,IT,1698792755
333,manicore,-5.8092,-61.3003,300.24,67,97,1.3,BR,1698792755
334,bodaybo,57.8506,114.1933,255.88,95,92,0.61,RU,1698792756
335,talnakh,69.4865,88.3972,256.6,97,97,2.73,RU,1698792756
336,praia da vitoria,38.7333,-27.0667,290.24,82,0,3.39,PT,1698792757
337,treasure island,27.7692,-82.769,299.96,76,0,6.17,US,1698792757
338,madang,-5.2246,145.7966,302.33,67,38,0.64,PG,1698792758
339,susa,35.8254,10.637,296.03,73,0,2.57,TN,1698792759
340,noosa heads,-26.3833,153.15,296.54,73,65,5.84,AU,1698792759
341,curuca,-0.7289,-47.8481,299.8,80,4,3.58,BR,1698792759
342,corralillo,22.9819,-80.5856,299.25,79,26,3.54,CU,1698792760
343,road town,18.4167,-64.6167,302.2,83,20,3.09,VG,1698792760
344,paka,4.6374,103.4368,298.14,94,97,0.0,MY,1698792761
345,kasane,-17.8167,25.15,294.7,73,52,2.48,BW,1698792761
346,bangassou,4.7413,22.8184,294.87,97,100,0.79,CF,1698792762
347,dudinka,69.4058,86.1778,256.83,97,90,0.89,RU,1698792762
348,long beach,33.767,-118.1892,305.29,16,0,5.14,US,1698792742
349,howrah,22.5892,88.3103,297.15,83,20,2.57,IN,1698792762
350,oranjemund,-28.55,16.4333,293.2,52,33,2.72,NA,1698792763
351,vrnograc,45.1636,15.9536,280.08,82,52,1.82,BA,1698792763
352,biloela,-24.4167,150.5,300.87,40,87,4.12,AU,1698792764
353,tres arroyos,-38.3739,-60.2798,280.69,63,99,5.16,AR,1698792764
354,miles city,46.4083,-105.8406,275.69,75,100,2.57,US,1698792764
355,callao,-12.0667,-77.15,293.31,73,20,3.6,PE,1698792765
356,greymouth,-42.4667,171.2,288.92,45,40,1.7,NZ,1698792765
357,praia,14.9215,-23.5087,300.45,78,75,5.66,CV,1698792765
358,gadzhiyevo,69.2551,33.3362,270.4,93,100,4.34,RU,1698792766
359,ambalangoda,6.2355,80.0538,297.51,90,100,1.3,LK,1698792563
360,spring creek,40.7266,-115.5859,287.49,18,79,0.92,US,1698792766
361,vila velha,-20.3297,-40.2925,299.23,82,0,5.66,BR,1698792767
362,antalaha,-14.9003,50.2788,296.51,85,64,1.71,MG,1698792767
363,sola,-13.8833,167.55,299.44,81,72,10.43,VU,1698792768
364,vinita,36.6387,-95.1541,279.18,43,0,2.24,US,1698792768
365,bandarban,22.1965,92.2262,294.96,94,1,0.8,BD,1698792768
366,salalah,17.0151,54.0924,298.91,73,96,1.33,OM,1698792769
367,mahibadhoo,3.7833,72.9667,300.09,75,92,0.26,MV,1698792769
368,kupang,-10.1667,123.5833,302.47,61,20,5.14,ID,1698792769
369,as sulayyil,20.4607,45.5779,298.29,30,73,3.83,SA,1698792770
370,nar'yan-mar,67.6713,53.087,262.65,97,97,2.68,RU,1698792770
371,emerald,-23.5333,148.1667,303.34,30,93,5.16,AU,1698792771
372,pacific grove,36.6177,-121.9166,300.12,48,0,2.24,US,1698792771
373,amga,60.8953,131.9608,257.79,97,100,0.98,RU,1698792772
374,new norfolk,-42.7826,147.0587,289.66,58,72,2.03,AU,1698792772
375,itoman,26.1247,127.6694,297.16,80,20,4.12,JP,1698792773
376,reggane,26.7158,0.1714,301.63,14,4,0.96,DZ,1698792773
377,aginskoye,51.1,114.53,265.95,78,13,1.73,RU,1698792774
378,salinopolis,-0.6136,-47.3561,300.38,79,10,5.22,BR,1698792774
379,salahonda,2.1019,-78.7217,298.95,86,100,4.23,CO,1698792774
380,port douglas,-16.4833,145.4667,296.98,60,100,1.63,AU,1698792775
381,al mayadin,35.0209,40.4535,297.82,32,98,2.67,SY,1698792775
382,jaunpur,25.7333,82.6833,295.33,56,100,0.55,IN,1698792776
383,carnarvon,-24.8667,113.6333,294.39,73,0,6.83,AU,1698792776
384,ngetkib,7.3645,134.5148,301.19,77,90,2.46,PW,1698792777
385,jumla,29.2747,82.1838,280.74,82,93,2.05,NP,1698792777
386,ialibu,-6.2821,143.9935,291.06,86,95,1.21,PG,1698792777
387,poronaysk,49.2167,143.1167,275.58,94,99,3.35,RU,1698792778
388,khorixas,-20.3667,14.9667,291.64,36,0,1.69,NA,1698792778
389,sisimiut,66.9395,-53.6735,276.7,58,81,7.11,GL,1698792779
390,mogocha,53.7333,119.7667,261.79,86,1,0.91,RU,1698792779
391,harstad,68.799,16.5293,273.24,96,60,1.79,NO,1698792780
392,lugoba,-6.45,38.3333,295.8,90,12,1.42,TZ,1698792780
393,la ronge,55.1001,-105.2842,272.29,80,100,4.63,CA,1698792780
394,rodino,52.5,80.25,272.93,95,97,3.39,RU,1698792781
395,tromso,69.6496,18.957,268.74,94,64,2.45,NO,1698792781
396,kailua-kona,19.6406,-155.9956,303.14,76,20,5.14,US,1698792564
397,al hilaliyya,14.9398,33.234,303.67,26,92,4.32,SD,1698792782
398,shingu,33.7333,135.9833,289.01,60,0,1.95,JP,1698792484
399,saldanha,-33.0117,17.9442,291.18,71,86,4.0,ZA,1698792783
400,tralee,52.2704,-9.7026,285.09,93,100,2.87,IE,1698792783
401,nouadhibou,20.931,-17.0347,295.14,78,23,6.17,MR,1698792784
402,kavieng,-2.5744,150.7967,301.36,73,38,0.32,PG,1698792784
403,nasiriyah,31.0521,46.261,299.32,34,64,2.28,IQ,1698792785
404,turochak,52.2576,87.1224,275.07,100,100,0.83,RU,1698792785
405,bamiantong,44.9333,130.5333,276.81,78,99,1.5,CN,1698792786
406,kosciusko,33.0576,-89.5876,283.94,26,0,4.51,US,1698792786
407,kittila,67.6647,24.8936,262.23,92,0,0.51,FI,1698792787
408,kuusamo,65.9667,29.1833,267.17,93,100,2.06,FI,1698792787
409,fort bragg,35.139,-79.006,283.23,94,100,4.63,US,1698792788
410,manokwari,-0.8667,134.0833,300.55,73,99,0.86,ID,1698792788
411,teknaf,20.8624,92.3058,297.5,85,99,2.03,BD,1698792789
412,lethem,3.3803,-59.7968,304.11,44,71,1.49,GY,1698792789
413,shalqar,47.8333,59.6,280.32,79,93,5.19,KZ,1698792790
414,muynoq,43.7683,59.0214,282.47,53,13,2.06,UZ,1698792790
415,corralejo,28.7424,-13.8684,296.24,83,100,1.89,ES,1698792791
416,north branch,45.5113,-92.9802,274.31,63,39,2.03,US,1698792791
417,tungi,23.89,90.4058,298.15,73,20,0.0,BD,1698792792
418,pyhajarvi,67.0701,27.2176,259.18,100,90,0.88,FI,1698792792
419,margate,51.3813,1.3862,284.99,91,100,1.34,GB,1698792793
420,santarem,-2.4431,-54.7083,304.22,58,0,1.54,BR,1698792793
421,fada,9.5667,8.3,295.29,70,89,1.18,NG,1698792794
422,isola di capo rizzuto,38.96,17.0933,293.81,73,98,6.86,IT,1698792794
423,rosarito,32.3333,-117.0333,303.38,22,17,4.73,MX,1698792795
424,yerofey pavlovich,53.9667,121.9667,262.64,59,31,1.13,RU,1698792795
425,malvan,16.0667,73.4667,298.48,77,24,3.03,IN,1698792796
426,yaren,-0.5472,166.916,301.71,71,63,2.37,NR,1698792796
427,springbok,-29.6643,17.8865,292.13,27,64,6.96,ZA,1698792797
428,vuktyl,63.8567,57.3094,265.99,92,99,3.58,RU,1698792797
429,kyzyl-mazhalyk,51.1333,90.6,272.54,96,100,1.34,RU,1698792797
430,tokmok,42.8417,75.3016,280.85,72,53,1.82,KG,1698792798
431,pandan,14.0453,124.1694,300.03,88,96,4.51,PH,1698792799
432,letlhakane,-21.4167,25.5833,288.72,76,100,8.11,BW,1698792799
433,la passe,45.5549,-0.8967,285.92,83,27,6.65,FR,1698792800
434,klaksvik,62.2266,-6.589,276.66,61,85,10.6,FO,1698792800
435,kuta,-8.7233,115.1723,298.15,100,40,2.24,ID,1698792800
436,las tablas,7.7667,-80.2833,298.34,90,100,4.26,PA,1698792801
437,saudarkrokur,65.7461,-19.6394,273.36,64,1,1.88,IS,1698792801
438,sishui,35.6489,117.2758,289.4,66,0,1.99,CN,1698792802
439,hwange,-18.3693,26.5019,296.4,66,86,2.33,ZW,1698792802
440,shangyu,30.0156,120.8711,289.12,80,71,2.03,CN,1698792803
441,copiapo,-27.3667,-70.3333,287.98,35,0,2.49,CL,1698792568
442,walvis bay,-22.9575,14.5053,288.76,83,6,2.14,NA,1698792803
443,tsiombe,-25.3,45.4833,293.91,81,100,6.91,MG,1698792804
444,phan rang-thap cham,11.5667,108.9833,297.86,86,98,2.71,VN,1698792804
445,yung shue wan,22.2333,114.1167,297.41,76,26,0.89,HK,1698792805
446,severnoye,56.3491,78.3619,263.14,90,49,1.79,RU,1698792805
447,kamenka,51.3223,42.7678,282.91,84,98,3.41,RU,1698792805
448,moreira sales,-24.0622,-53.0069,295.41,93,84,1.47,BR,1698792806
449,meraux,29.933,-89.9498,288.71,44,95,0.89,US,1698792806
450,masterton,-40.9597,175.6575,292.53,48,93,1.75,NZ,1698792655
451,sao miguel do araguaia,-13.275,-50.1628,306.0,26,20,2.04,BR,1698792807
452,kulp,38.4972,41.0122,290.88,43,73,1.8,TR,1698792808
453,neiafu,-18.65,-173.9833,300.53,74,75,5.14,TO,1698792808
454,chegutu,-18.1302,30.1407,291.85,72,56,2.56,ZW,1698792808
455,tamanrasset,22.785,5.5228,292.1,19,0,1.54,DZ,1698792809
456,nyurba,63.2842,118.3319,253.87,99,100,1.73,RU,1698792809
457,puerto armuelles,8.2833,-82.8667,300.42,75,90,4.47,PA,1698792810
458,kerikeri,-35.2268,173.9474,295.32,82,91,0.45,NZ,1698792810
459,prince rupert,54.3161,-130.3201,281.2,61,0,2.57,CA,1698792728
460,bambari,5.768,20.6757,295.74,96,100,0.99,CF,1698792811
461,gjilan,42.4604,21.4699,287.36,70,99,1.22,XK,1698792811
462,greenville,35.6127,-77.3663,283.24,94,100,4.12,US,1698792726
463,yemva,62.59,50.8594,263.56,97,50,1.48,RU,1698792812
464,queenstown,-31.8976,26.8753,281.05,92,25,0.4,ZA,1698792649
465,zhangye,38.9342,100.4517,283.61,22,0,3.34,CN,1698792813
466,merizo village,13.2658,144.6691,303.7,87,64,7.44,GU,1698792813
467,prince george,53.9166,-122.753,278.29,53,0,3.09,CA,1698792614
468,palikir - national government center,6.9248,158.1611,299.62,89,75,2.57,FM,1698792814
469,novyy turtkul',41.55,61.0167,276.1,60,3,2.18,UZ,1698792814
470,niceville,30.5169,-86.4822,291.46,50,20,7.6,US,1698792815
471,al ghayzah,16.2079,52.176,299.05,75,63,3.36,YE,1698792815
472,paris,48.8534,2.3488,287.58,87,100,5.66,FR,1698792665
473,pokhara,28.2333,83.9833,291.53,39,100,2.4,NP,1698792716
474,sungai penuh,-2.0833,101.3833,290.87,96,78,0.92,ID,1698792816
475,jeddah,21.5169,39.2192,302.07,70,0,1.54,SA,1698792816
476,leava,-14.3,-178.1667,300.81,81,73,8.49,WF,1698792817
477,olyokminsk,60.3736,120.4264,258.04,91,100,3.71,RU,1698792818
478,amos,48.5669,-78.1162,269.72,84,100,1.04,CA,1698792818
479,gorgan,36.8387,54.4348,291.13,82,75,0.0,IR,1698792733
480,charters towers,-20.1,146.2667,300.86,32,46,2.36,AU,1698792819
481,kanal,46.0886,13.6397,283.24,91,38,10.73,SI,1698792787
482,bechar,31.6167,-2.2167,296.33,17,0,1.03,DZ,1698792820
483,selfoss,63.9331,-20.9971,275.95,76,75,4.32,IS,1698792820
484,panaba,21.2833,-88.2667,300.65,65,46,4.97,MX,1698792821
485,cam ranh,11.9214,109.1591,299.13,89,40,2.06,VN,1698792821
486,rabak,13.1809,32.74,303.73,42,94,3.03,SD,1698792821
487,skovorodino,53.9833,123.9167,264.05,60,100,0.11,RU,1698792822
488,zaozersk,69.4005,32.4476,270.02,91,95,2.66,RU,1698792822
489,qingquan,30.4511,115.2559,290.84,59,5,2.28,CN,1698792823
490,salekhard,66.53,66.6019,263.55,96,100,1.78,RU,1698792823
491,hinton,53.4001,-117.5857,276.76,87,97,0.57,CA,1698792823
492,adra,36.7496,-3.0206,291.11,70,100,3.84,ES,1698792824
493,odacho-oda,35.1833,132.5,281.58,71,0,4.07,JP,1698792824
494,krasnoural'sk,58.3638,60.0407,266.65,94,91,2.78,RU,1698792825
495,kuhmo,64.1333,29.5167,265.6,90,99,3.14,FI,1698792825
496,enewetak,11.3474,162.3373,301.71,75,98,7.37,MH,1698792826
497,ashmyany,54.425,25.9378,284.15,91,100,4.11,BY,1698792826
498,malango,-2.9627,119.9001,295.84,70,99,0.12,ID,1698792826
499,velasco ibarra,-1.05,-79.6167,300.99,71,100,0.59,EC,1698792827
500,belmonte,-15.8631,-38.8828,298.11,73,86,5.12,BR,1698792827
501,arica,-18.475,-70.3042,294.9,72,100,3.6,CL,1698792828
502,togur,58.3631,82.8265,264.34,89,24,2.68,RU,1698792828
503,humaita,-7.5061,-63.0208,301.53,56,71,1.4,BR,1698792689
504,soio,-6.1349,12.3689,298.85,85,90,2.18,AO,1698792829
505,grand falls-windsor,48.9332,-55.6649,273.43,71,30,2.98,CA,1698792829
506,usogorsk,63.4106,48.6872,265.74,96,83,2.23,RU,1698792830
507,la cruz,23.9167,-106.9,300.82,69,1,3.45,MX,1698792830
508,visby,57.6409,18.296,279.84,100,100,8.23,SE,1698792830
509,san patricio,28.017,-97.5169,289.07,32,43,4.65,US,1698792831
510,al mijlad,11.0333,27.7333,301.61,54,76,6.74,SD,1698792831
511,port hedland,-20.3167,118.5667,299.18,94,1,3.6,AU,1698792832
512,serro,-18.6047,-43.3794,294.37,89,88,0.41,BR,1698792832
513,assab,13.0092,42.7394,300.69,72,10,9.95,ER,1698792833
514,odry,49.6626,17.8308,284.18,85,98,5.12,CZ,1698792833
515,namibe,-15.1961,12.1522,291.13,83,0,1.78,AO,1698792833
516,bad arolsen,51.3798,9.0145,283.02,86,96,4.53,DE,1698792834
517,thunder bay,48.4001,-89.3168,271.14,50,75,6.69,CA,1698792787
518,forbes,-33.3833,148.0167,290.56,26,0,2.7,AU,1698792834
519,banyo,6.75,11.8167,292.55,92,98,1.42,CM,1698792834
520,saint-philippe,-21.3585,55.7679,295.92,85,27,2.96,RE,1698792835
521,pacasmayo,-7.4006,-79.5714,293.21,82,68,6.11,PE,1698792835
522,puerto deseado,-47.7503,-65.8938,281.41,45,5,6.97,AR,1698792700
523,ciudad bolivar,8.1222,-63.5497,302.95,59,98,2.83,VE,1698792836
524,labrador city,52.9463,-66.9114,268.1,63,75,6.69,CA,1698792836
525,kifri,34.6959,44.9661,296.94,35,86,5.61,IQ,1698792837
526,khovd,48.0056,91.6419,278.29,47,80,3.02,MN,1698792714
527,midvagur,62.0511,-7.1939,276.61,87,40,3.6,FO,1698792837
528,cidreira,-30.1811,-50.2056,292.15,91,30,5.95,BR,1698792838
529,severo-yeniseyskiy,60.3725,93.0408,253.44,96,13,1.33,RU,1698792839
530,klyuchi,52.2667,79.1667,273.11,89,99,4.24,RU,1698792839
531,robbah,33.2797,6.9098,294.95,35,65,2.19,DZ,1698792839
532,chemolgan,43.1897,76.5292,278.96,69,27,1.99,KZ,1698792840
533,itamaraca,-7.7478,-34.8256,300.18,74,13,5.52,BR,1698792840
534,hilo,19.7297,-155.09,302.18,79,16,3.13,US,1698792841
535,san antonio de pale,-1.4014,5.6325,299.52,84,100,4.52,GQ,1698792841
536,happy valley-goose bay,53.3168,-60.3315,273.32,47,75,5.66,CA,1698792842
537,fort st. john,56.2499,-120.8529,276.09,60,75,1.54,CA,1698792842
538,lockwood,45.8191,-108.4149,275.71,80,60,3.43,US,1698792843
539,eastham,41.8301,-69.9739,279.33,67,83,0.89,US,1698792843
540,hami,42.8,93.45,285.11,47,85,0.82,CN,1698792844
541,balabac,7.9868,117.0645,301.26,77,81,4.72,PH,1698792845
542,daru,-9.0763,143.2092,299.98,73,90,5.25,PG,1698792845
543,nova mayachka,46.6,33.2271,286.76,75,0,1.88,UA,1698792845
544,llanes,43.4198,-4.7549,289.61,65,94,4.85,ES,1698792846
545,shenjiamen,29.9576,122.298,293.78,70,57,4.21,CN,1698792847
546,sao gabriel,-30.3364,-54.32,292.47,85,23,5.6,BR,1698792847
547,veraval,20.9,70.3667,299.66,53,0,1.8,IN,1698792848
548,albacete,38.8333,-2.0,284.6,66,0,1.54,ES,1698792848
549,kununurra,-15.7667,128.7333,305.06,49,52,1.34,AU,1698792789
550,mugia,43.1041,-9.2179,289.35,74,98,12.2,ES,1698792849
551,kindu,-2.95,25.95,294.79,97,100,0.85,CD,1698792849
552,tual,-5.6667,132.75,298.6,82,100,1.78,ID,1698792850
553,nilopolis,-22.8075,-43.4139,298.99,78,75,1.54,BR,1698792851
554,carepa,7.7585,-76.6525,305.03,62,20,2.06,CO,1698792852
555,ilula,-7.6766,36.0366,290.09,92,25,3.82,TZ,1698792852
556,quillacollo,-17.4,-66.2833,295.19,71,75,5.14,BO,1698792853
557,nuuk,64.1835,-51.7216,274.9,95,100,4.12,GL,1698792649
558,plastun,44.7561,136.2939,283.89,68,46,4.17,RU,1698792853
559,kaa-khem,51.6833,94.7333,272.82,99,100,1.43,RU,1698792854
560,big spring,32.2504,-101.4787,286.4,25,0,2.57,US,1698792854
561,antofagasta,-23.65,-70.4,290.75,75,38,2.67,CL,1698792744
